{
  "version": "2021.2",
  "applications": [],
  "platforms": [
    {
      "name": "isrIntertialDelay"
    }
  ],
  "systems": [
    {
      "name": "isrdelayNoEeprom_system",
      "platform": "C:/School/spec/Xilinx/isrIntertialDelay/export/isrIntertialDelay/isrIntertialDelay.xpfm",
      "sysConfig": "isrIntertialDelay",
      "buildConfig": "Debug",
      "applications": [
        {
          "name": "isrdelayNoEeprom",
          "platform": "C:/School/spec/Xilinx/isrIntertialDelay/export/isrIntertialDelay/isrIntertialDelay.xpfm",
          "platformPath": "C:\\School\\spec\\Xilinx\\isrIntertialDelay\\export\\isrIntertialDelay",
          "sysConfig": "isrIntertialDelay",
          "domain": "standalone_ps7_cortexa9_0",
          "system": "isrdelayNoEeprom_system"
        }
      ],
      "platformPath": "C:\\School\\spec\\Xilinx\\isrIntertialDelay\\export\\isrIntertialDelay"
    }
  ],
  "others": []
}