{
  "version": "2021.2",
  "applications": [],
  "platforms": [
    {
      "name": "design_1_wrapper9"
    }
  ],
  "systems": [
    {
      "name": "test9_system",
      "platform": "C:/Users/vreys/OneDrive/school/spec/vitis_experiment/design_1_wrapper9/export/design_1_wrapper9/design_1_wrapper9.xpfm",
      "sysConfig": "design_1_wrapper9",
      "buildConfig": "Debug",
      "applications": [
        {
          "name": "test9",
          "platform": "C:/Users/vreys/OneDrive/school/spec/vitis_experiment/design_1_wrapper9/export/design_1_wrapper9/design_1_wrapper9.xpfm",
          "platformPath": "C:\\Users\\vreys\\OneDrive\\school\\spec\\vitis_experiment\\design_1_wrapper9\\export\\design_1_wrapper9",
          "sysConfig": "design_1_wrapper9",
          "domain": "standalone_ps7_cortexa9_0",
          "system": "test9_system"
        }
      ],
      "platformPath": "C:\\Users\\vreys\\OneDrive\\school\\spec\\vitis_experiment\\design_1_wrapper9\\export\\design_1_wrapper9"
    }
  ],
  "others": []
}