{
  "version": "2021.2",
  "applications": [],
  "platforms": [
    {
      "name": "HDMI"
    },
    {
      "name": "design_1_wrapper"
    },
    {
      "name": "design_1_wrapper2"
    },
    {
      "name": "design_1_wrapper44"
    },
    {
      "name": "design_1_wrapper5"
    },
    {
      "name": "design_1_wrapper7"
    },
    {
      "name": "design_1_wrapper_1"
    }
  ],
  "systems": [
    {
      "name": "hdmi3_system",
      "platform": "C:/Users/vreys/OneDrive/school/spec/test/design_1_wrapper2/export/design_1_wrapper2/design_1_wrapper2.xpfm",
      "sysConfig": "design_1_wrapper2",
      "buildConfig": "Debug",
      "applications": [
        {
          "name": "hdmi3",
          "platform": "C:/Users/vreys/OneDrive/school/spec/test/design_1_wrapper2/export/design_1_wrapper2/design_1_wrapper2.xpfm",
          "platformPath": "C:\\Users\\vreys\\OneDrive\\school\\spec\\test\\design_1_wrapper2\\export\\design_1_wrapper2",
          "sysConfig": "design_1_wrapper2",
          "domain": "standalone_ps7_cortexa9_0",
          "system": "hdmi3_system"
        }
      ],
      "platformPath": "C:\\Users\\vreys\\OneDrive\\school\\spec\\test\\design_1_wrapper2\\export\\design_1_wrapper2"
    },
    {
      "name": "hdmi4_system",
      "platform": "C:/Users/vreys/OneDrive/school/spec/test/design_1_wrapper_1/export/design_1_wrapper_1/design_1_wrapper_1.xpfm",
      "sysConfig": "design_1_wrapper_1",
      "buildConfig": "Debug",
      "applications": [
        {
          "name": "hdmi4",
          "platform": "C:/Users/vreys/OneDrive/school/spec/test/design_1_wrapper_1/export/design_1_wrapper_1/design_1_wrapper_1.xpfm",
          "platformPath": "C:\\Users\\vreys\\OneDrive\\school\\spec\\test\\design_1_wrapper_1\\export\\design_1_wrapper_1",
          "sysConfig": "design_1_wrapper_1",
          "domain": "standalone_ps7_cortexa9_0",
          "system": "hdmi4_system"
        }
      ],
      "platformPath": "C:\\Users\\vreys\\OneDrive\\school\\spec\\test\\design_1_wrapper_1\\export\\design_1_wrapper_1"
    },
    {
      "name": "hdmi5_system",
      "platform": "C:/Users/vreys/OneDrive/school/spec/test/design_1_wrapper44/export/design_1_wrapper44/design_1_wrapper44.xpfm",
      "sysConfig": "design_1_wrapper44",
      "buildConfig": "Debug",
      "applications": [
        {
          "name": "hdmi5",
          "platform": "C:/Users/vreys/OneDrive/school/spec/test/design_1_wrapper44/export/design_1_wrapper44/design_1_wrapper44.xpfm",
          "platformPath": "C:\\Users\\vreys\\OneDrive\\school\\spec\\test\\design_1_wrapper44\\export\\design_1_wrapper44",
          "sysConfig": "design_1_wrapper44",
          "domain": "standalone_ps7_cortexa9_0",
          "system": "hdmi5_system"
        }
      ],
      "platformPath": "C:\\Users\\vreys\\OneDrive\\school\\spec\\test\\design_1_wrapper44\\export\\design_1_wrapper44"
    },
    {
      "name": "hdmi6_system",
      "platform": "C:/Users/vreys/OneDrive/school/spec/test/design_1_wrapper5/export/design_1_wrapper5/design_1_wrapper5.xpfm",
      "sysConfig": "design_1_wrapper5",
      "buildConfig": "Debug",
      "applications": [
        {
          "name": "hdmi6",
          "platform": "C:/Users/vreys/OneDrive/school/spec/test/design_1_wrapper5/export/design_1_wrapper5/design_1_wrapper5.xpfm",
          "platformPath": "C:\\Users\\vreys\\OneDrive\\school\\spec\\test\\design_1_wrapper5\\export\\design_1_wrapper5",
          "sysConfig": "design_1_wrapper5",
          "domain": "standalone_ps7_cortexa9_0",
          "system": "hdmi6_system"
        }
      ],
      "platformPath": "C:\\Users\\vreys\\OneDrive\\school\\spec\\test\\design_1_wrapper5\\export\\design_1_wrapper5"
    },
    {
      "name": "hdmi7_system",
      "platform": "C:/Users/vreys/OneDrive/school/spec/test/design_1_wrapper7/export/design_1_wrapper7/design_1_wrapper7.xpfm",
      "sysConfig": "design_1_wrapper7",
      "buildConfig": "Debug",
      "applications": [
        {
          "name": "hdmi7",
          "platform": "C:/Users/vreys/OneDrive/school/spec/test/design_1_wrapper7/export/design_1_wrapper7/design_1_wrapper7.xpfm",
          "platformPath": "C:\\Users\\vreys\\OneDrive\\school\\spec\\test\\design_1_wrapper7\\export\\design_1_wrapper7",
          "sysConfig": "design_1_wrapper7",
          "domain": "standalone_ps7_cortexa9_0",
          "system": "hdmi7_system"
        }
      ],
      "platformPath": "C:\\Users\\vreys\\OneDrive\\school\\spec\\test\\design_1_wrapper7\\export\\design_1_wrapper7"
    },
    {
      "name": "testhdmi_system",
      "platform": "C:/Users/vreys/OneDrive/school/spec/test/design_1_wrapper/export/design_1_wrapper/design_1_wrapper.xpfm",
      "sysConfig": "design_1_wrapper",
      "buildConfig": "Debug",
      "applications": [
        {
          "name": "testhdmi",
          "platform": "C:/Users/vreys/OneDrive/school/spec/test/design_1_wrapper/export/design_1_wrapper/design_1_wrapper.xpfm",
          "platformPath": "C:\\Users\\vreys\\OneDrive\\school\\spec\\test\\design_1_wrapper\\export\\design_1_wrapper",
          "sysConfig": "design_1_wrapper",
          "domain": "standalone_ps7_cortexa9_0",
          "system": "testhdmi_system"
        }
      ],
      "platformPath": "C:\\Users\\vreys\\OneDrive\\school\\spec\\test\\design_1_wrapper\\export\\design_1_wrapper"
    },
    {
      "name": "testter_system",
      "platform": "C:/Users/vreys/OneDrive/school/spec/test/HDMI/export/HDMI/HDMI.xpfm",
      "sysConfig": "HDMI",
      "buildConfig": "Debug",
      "applications": [
        {
          "name": "testter",
          "platform": "C:/Users/vreys/OneDrive/school/spec/test/HDMI/export/HDMI/HDMI.xpfm",
          "platformPath": "C:\\Users\\vreys\\OneDrive\\school\\spec\\test\\HDMI\\export\\HDMI",
          "sysConfig": "HDMI",
          "domain": "standalone_ps7_cortexa9_0",
          "system": "testter_system"
        }
      ],
      "platformPath": "C:\\Users\\vreys\\OneDrive\\school\\spec\\test\\HDMI\\export\\HDMI"
    }
  ],
  "others": []
}